{"cameraMode":{"drawMode":0,"name":"Shaded","section":"Shading Mode"},"sceneLighting":false,"audioPlay":false,"sceneViewState":{"m_AlwaysRefresh":false,"showFog":true,"showSkybox":false,"showFlares":true,"showImageEffects":true,"showParticleSystems":true,"showVisualEffectGraphs":true,"m_FxEnabled":true},"in2DMode":false,"pivot":{"x":0.29738861322402956,"y":0.4092584252357483,"z":-0.1530868411064148},"rotation":{"x":-0.029922975227236749,"y":0.0695231482386589,"z":-0.0020864394027739765,"w":-0.9971378445625305},"size":0.4687323570251465,"orthographic":false}