{"cameraMode":{"drawMode":0,"name":"Shaded","section":"Shading Mode"},"sceneLighting":false,"audioPlay":false,"sceneViewState":{"m_AlwaysRefresh":false,"showFog":true,"showSkybox":false,"showFlares":true,"showImageEffects":true,"showParticleSystems":true,"showVisualEffectGraphs":true,"m_FxEnabled":true},"in2DMode":false,"pivot":{"x":-2.33031964302063,"y":0.5003359317779541,"z":4.0875749588012699},"rotation":{"x":0.03657058626413345,"y":-0.30388203263282778,"z":0.011674252338707447,"w":0.9519360661506653},"size":4.627000331878662,"orthographic":false}