{"cameraMode":{"drawMode":0,"name":"Shaded","section":"Shading Mode"},"sceneLighting":false,"audioPlay":false,"sceneViewState":{"m_AlwaysRefresh":false,"showFog":true,"showSkybox":false,"showFlares":true,"showImageEffects":true,"showParticleSystems":true,"showVisualEffectGraphs":true,"m_FxEnabled":true},"in2DMode":false,"pivot":{"x":0.48612546920776369,"y":0.6988643407821655,"z":0.6606138944625855},"rotation":{"x":0.0034039646852761509,"y":0.7064619064331055,"z":-0.0033978326246142389,"w":0.7077379822731018},"size":1.113952875137329,"orthographic":false}