{"cameraMode":{"drawMode":0,"name":"Shaded","section":"Shading Mode"},"sceneLighting":false,"audioPlay":false,"sceneViewState":{"m_AlwaysRefresh":false,"showFog":true,"showSkybox":false,"showFlares":true,"showImageEffects":true,"showParticleSystems":true,"showVisualEffectGraphs":true,"m_FxEnabled":true},"in2DMode":false,"pivot":{"x":0.0005185119807720184,"y":0.0679437518119812,"z":0.0022378661669790746},"rotation":{"x":0.34675243496894839,"y":0.3599380552768707,"z":-0.14619572460651399,"w":0.8537240624427795},"size":0.0781283900141716,"orthographic":false}