{"cameraMode":{"drawMode":0,"name":"Shaded","section":"Shading Mode"},"sceneLighting":false,"audioPlay":false,"sceneViewState":{"m_AlwaysRefresh":false,"showFog":true,"showSkybox":false,"showFlares":true,"showImageEffects":true,"showParticleSystems":true,"showVisualEffectGraphs":true,"m_FxEnabled":true},"in2DMode":false,"pivot":{"x":0.4884131848812103,"y":0.8769083023071289,"z":-1.8952064514160157},"rotation":{"x":-0.1660209745168686,"y":0.013900828547775746,"z":-0.0023397996556013824,"w":-0.9860236048698425},"size":0.16871236264705659,"orthographic":false}