{"cameraMode":{"drawMode":0,"name":"Shaded","section":"Shading Mode"},"sceneLighting":false,"audioPlay":false,"sceneViewState":{"m_AlwaysRefresh":false,"showFog":true,"showSkybox":false,"showFlares":true,"showImageEffects":true,"showParticleSystems":true,"showVisualEffectGraphs":true,"m_FxEnabled":true},"in2DMode":false,"pivot":{"x":0.20362353324890138,"y":0.8551321029663086,"z":0.7291183471679688},"rotation":{"x":0.009063275530934334,"y":-0.9572241306304932,"z":0.030162543058395387,"w":0.2876279056072235},"size":3.555710792541504,"orthographic":false}