{"cameraMode":{"drawMode":0,"name":"Shaded","section":"Shading Mode"},"sceneLighting":false,"audioPlay":false,"sceneViewState":{"m_AlwaysRefresh":false,"showFog":true,"showSkybox":false,"showFlares":true,"showImageEffects":true,"showParticleSystems":true,"showVisualEffectGraphs":true,"m_FxEnabled":true},"in2DMode":false,"pivot":{"x":0.10469520092010498,"y":0.8790983557701111,"z":0.08429253101348877},"rotation":{"x":0.044778935611248019,"y":-0.40042173862457278,"z":0.019595550373196603,"w":0.9150264263153076},"size":0.9283002614974976,"orthographic":false}