{"cameraMode":{"drawMode":0,"name":"Shaded","section":"Shading Mode"},"sceneLighting":false,"audioPlay":false,"sceneViewState":{"m_AlwaysRefresh":false,"showFog":true,"showSkybox":false,"showFlares":true,"showImageEffects":true,"showParticleSystems":true,"showVisualEffectGraphs":true,"m_FxEnabled":true},"in2DMode":false,"pivot":{"x":-0.45768100023269656,"y":0.009522199630737305,"z":0.6493899822235107},"rotation":{"x":0.1919870525598526,"y":-0.10868583619594574,"z":0.021398525685071946,"w":0.9751262068748474},"size":1.4564476013183594,"orthographic":false}