{"cameraMode":{"drawMode":0,"name":"Shaded","section":"Shading Mode"},"sceneLighting":false,"audioPlay":false,"sceneViewState":{"m_AlwaysRefresh":false,"showFog":true,"showSkybox":false,"showFlares":true,"showImageEffects":true,"showParticleSystems":true,"showVisualEffectGraphs":true,"m_FxEnabled":true},"in2DMode":false,"pivot":{"x":-0.060529887676239017,"y":1.6464221477508546,"z":-0.03631734848022461},"rotation":{"x":0.1070980355143547,"y":0.4688880145549774,"z":-0.05739844962954521,"w":0.8748660087585449},"size":2.1682889461517336,"orthographic":false}