{"cameraMode":{"drawMode":0,"name":"Shaded","section":"Shading Mode"},"sceneLighting":false,"audioPlay":false,"sceneViewState":{"m_AlwaysRefresh":false,"showFog":true,"showSkybox":false,"showFlares":true,"showImageEffects":true,"showParticleSystems":true,"showVisualEffectGraphs":true,"m_FxEnabled":true},"in2DMode":false,"pivot":{"x":0.028540849685668947,"y":1.016100525856018,"z":0.05690956115722656},"rotation":{"x":0.014478607103228569,"y":0.2612009048461914,"z":-0.003918313421308994,"w":0.9651678204536438},"size":1.0064172744750977,"orthographic":false}